"","aascode","aasname","Adj DPS aT4Q","Adj DPS n-0","Adj DPS n-1","Adj DPS n-2","Adj DPS n-3","Adj DPS n-4","Adj DPS n-5","Adj DPS n-6","Adj DPS n-7","Adj DPS n-8","Adj DPS n-9","Adj EPS aT4Q","Adj EPS n-0","Adj EPS n-1","Adj EPS n-2","Adj EPS n-3","Adj EPS n-4","Adj EPS n-5","Adj EPS n-6","Adj EPS n-7","Adj EPS n-8","Adj EPS n-9","Div Payout  aT4Q","Div Payout  n-0","Div Payout  n-1","Div Payout  n-2","Div Payout  n-3","Div Payout  n-4","Div Payout  n-5","Div Payout  n-6","Div Payout  n-7","Div Payout  n-8","Div Payout  n-9","PMoAD DY aT4Q","PMoAD DY n-0","PMoAD DY n-1","PMoAD DY n-2","PMoAD DY n-3","PMoAD DY n-4","PMoAD DY n-5","PMoAD DY n-6","PMoAD DY n-7","PMoAD DY n-8","PMoAD DY n-9","PMoAD P/EPS aT4Q","PMoAD P/EPS n-0","PMoAD P/EPS n-1","PMoAD P/EPS n-2","PMoAD P/EPS n-3","PMoAD P/EPS n-4","PMoAD P/EPS n-5","PMoAD P/EPS n-6","PMoAD P/EPS n-7","PMoAD P/EPS n-8","PMoAD P/EPS n-9","PMoFQED DY aT4Q","PMoFQED DY n-0","PMoFQED DY n-1","PMoFQED DY n-2","PMoFQED DY n-3","PMoFQED DY n-4","PMoFQED DY n-5","PMoFQED DY n-6","PMoFQED DY n-7","PMoFQED DY n-8","PMoFQED DY n-9","PMoFQED P/EPS aT4Q","PMoFQED P/EPS n-0","PMoFQED P/EPS n-1","PMoFQED P/EPS n-2","PMoFQED P/EPS n-3","PMoFQED P/EPS n-4","PMoFQED P/EPS n-5","PMoFQED P/EPS n-6","PMoFQED P/EPS n-7","PMoFQED P/EPS n-8","PMoFQED P/EPS n-9","ROE aT4Q","ROE n-0","ROE n-1","ROE n-2","ROE n-3","ROE n-4","ROE n-5","ROE n-6","ROE n-7","ROE n-8","ROE n-9"
"7090","7090","AHEALTH",12,12,11.5,11,9.53,8,13.6,12.4,10.4,12.64,6.08,37.95,37.95,29.84,29.23,28.91,25.71,24.77,23.91,28.12,18.9,12.61,31.62,31.62,38.54,37.64,32.97,31.12,54.92,51.87,36.98,66.86,48.2,2.45,2.45,2.47,3.23,2.61,2.27,4.11,5.48,4.85,9.63,7.98,12.91,12.91,15.58,11.67,12.63,13.69,13.37,9.47,7.62,6.94,6.04,2.14,2.14,2.67,3.06,2.65,2.22,4.62,5.66,5.02,10.56,7.31,14.76,14.76,14.41,12.32,12.42,14,11.89,9.17,7.37,6.33,6.6,12.95,12.95,11.22,11.88,12.98,12.8,13.4,14.03,18.03,13.61,10.37
"2658","2658","AJI",0,0,33.75,20,18.5,20,20,20,18,17,15,313.38,308.33,67.09,48.9,46.12,31.92,42.11,42.55,39.37,31.37,34.44,NA,NA,50.31,40.9,40.11,62.67,47.5,47.01,45.72,54.2,43.55,0,0,2.54,3.15,3.03,4.55,4.61,4.93,4.33,5.38,6.25,7.15,6.49,19.8,12.98,13.23,13.79,10.31,9.54,10.57,10.07,6.97,0,0,3.76,3.17,3.63,4.52,4.89,5.01,4.41,6.07,6.7,6.73,5.16,13.39,12.88,11.06,13.85,9.71,9.38,10.36,8.93,6.5,45.09,39.48,13.26,10.63,10.7,7.94,10.88,11.75,11.72,10.09,12
"6556","6556","ANNJOO",19.61,19.74,13.44,0,1.79,0,0,6.74,11.09,5.4,10.95,36.76,36.76,29.85,-24.25,4.19,2.2,-3.44,10.94,21.46,5.66,24.95,53.34,53.7,45.02,NA,42.82,NA,NA,61.6,51.68,95.39,43.87,5.77,5.81,5.93,0,1.79,0,0,3.64,4.31,2.14,10.17,9.24,9.24,7.59,-2.38,23.98,46.02,-32.31,16.92,11.98,44.52,4.31,5.53,5.57,6.91,0,1.87,0,0,4.36,4.26,2.14,10.17,9.64,9.64,6.51,-2.48,22.91,43.53,-34.4,14.13,12.14,44.52,4.31,16.82,16.82,15.64,-14.63,2.2,1.15,-1.85,5.69,11.32,3.49,15.54
"7035","7035","CCK",0,0,0,0,0,0,0,0,0,0,0,9.13,9.13,5.8,4.4,2.63,2.36,2.51,6.51,5.83,4.88,3.77,NA,NA,NA,NA,NA,NA,NA,NA,NA,NA,NA,0,0,0,0,0,0,0,0,0,0,0,13.78,13.78,11.32,12.88,18.22,17.29,15.77,6.83,6.26,7.08,8.62,0,0,0,0,0,0,0,0,0,0,0,12.03,12.03,11.49,11.42,17.01,17.81,18.73,6.83,6.43,6.56,6.9,11.29,11.29,7.78,6.38,5.09,5.22,5.51,14.16,13.89,12.34,9.79
"5184","5184","CYPARK",0,5.09,4.79,0,0,0,0,2.1,1.46,NA,NA,22.39,22.04,19.78,16.64,15.28,13.74,9.76,7.68,7.81,NA,NA,NA,23.11,24.2,NA,NA,NA,NA,27.37,18.71,NA,NA,0,2.19,2.4,0,0,0,0,2.59,1.82,0,NA,11.49,10.53,10.07,8.92,9.91,11.71,9.67,10.58,10.29,0,NA,0,1.96,2.24,0,0,0,0,2.34,2.43,0,NA,11.99,11.78,10.79,8.49,11.98,9.73,9.61,11.68,7.71,0,NA,11.11,11.6,11.87,13.12,14.97,17.71,16.88,18.77,23.33,NA,NA
"7277","7277","DIALOG",2.57,2.53,2.02,1.93,1.33,1.4,1.27,1.08,1.08,0.89,0.77,8.41,6.56,5.22,4.87,3.82,3.42,3.13,2.7,2.09,1.63,1.34,30.54,38.52,38.6,39.71,34.79,40.89,40.42,40,51.57,54.78,57.37,0.97,1.37,1.44,1.47,1.75,1.23,1.28,1.23,2.82,3.1,2.82,31.65,28.05,26.84,27.08,19.87,33.21,31.68,32.52,18.3,17.65,20.36,1.02,1.38,1.43,1.38,0.82,1.17,1.32,1.12,2.95,3.3,2.31,29.86,27.91,27.02,28.7,42.54,34.94,30.64,35.61,17.47,16.59,24.8,14.06,11.9,12.21,13.92,13.84,14.28,14.83,26.12,24.77,29.87,19.94
"9261","9261","GADANG",2.94,2.94,2.45,1.63,1.19,0.89,0.59,0,0,0,0.44,15.39,15.17,14.32,9.01,6.53,3.09,2.18,-0.67,2.25,0.46,1.14,19.08,19.37,17.09,18.15,18.21,28.83,27.21,NA,NA,NA,39.14,3.61,2.34,3,3.47,1.99,3,3.51,0,0,0,3.68,5.36,8.26,5.69,5.23,9.15,9.61,7.75,-27.2,7.54,24.95,10.65,2.83,2.4,3.37,3.42,2.41,3.28,3.51,0,0,0,3.21,6.85,8.07,5.08,5.3,7.56,8.79,7.75,-27.2,6.59,21.05,12.21,15.03,16.31,49.94,15.66,14.45,7.77,5.88,-2.1,7.87,1.77,4.44
"3204","3204","GKENT",9.5,9.5,6.67,3.74,2.84,3,2.59,2,2.01,1.61,1.4,22.09,22.1,17.98,8.89,4.99,6.43,4.54,3.43,4.4,3.53,1.99,43.02,43,37.08,42.1,56.96,46.6,57.16,58.14,45.64,45.53,70.25,2.19,2.19,3.1,3.89,4.17,6.2,7.69,5.75,4.31,3.85,6.48,19.6,19.6,11.98,10.82,13.65,7.52,7.43,10.12,10.59,11.84,10.84,2.49,2.49,3.3,4.4,4.34,6.47,7.07,5.26,4.17,4.55,7,17.29,17.29,11.23,9.56,13.11,7.21,8.09,11.05,10.95,10.02,10.04,26.15,26.15,37.98,19.39,9.73,19.56,10.98,10.57,15.03,13.36,7.08
"5168","5168","HARTA",5.96,3.97,3.96,1.52,3.25,3.09,1.32,2.3,1.46,0.88,0.33,12.45,8.55,7.77,6.33,7.03,7.05,6.08,5.75,4.31,2.55,2.12,47.9,46.4,50.96,24.07,46.2,43.87,21.7,40.12,33.91,34.41,15.55,1.11,1.48,1.93,0.79,2.41,2.57,1.84,4.42,3.06,4.04,3.47,43.39,31.26,26.37,30.44,19.18,17.08,11.77,9.07,11.09,8.52,4.48,1.12,1.61,1.65,0.75,2.12,2.83,1.81,4.63,2.93,5.77,0,42.75,28.77,30.89,32.11,21.83,15.48,11.97,8.67,11.58,5.96,0,21.35,16.84,17.15,0.34,24.88,30.64,65.02,38.48,60.54,33.22,43.17
"0166","0166","INARI",6.27,6.14,2.53,1.83,1.03,0.49,0.29,0,0,NA,NA,8.15,7.31,4.76,4.9,3.18,1.35,0.64,0.6,0,NA,NA,77.01,83.9,53.2,37.36,32.4,36.53,46.2,NA,NA,NA,NA,2.79,3.92,2.75,2.84,2.11,5.73,7.78,0,0,NA,NA,27.64,21.4,19.38,13.14,15.39,6.37,5.94,3.79,0,NA,NA,2.83,4.64,2.83,2.74,2.24,6.29,7.57,0,0,NA,NA,27.24,18.07,18.81,13.64,14.44,5.8,6.11,0,0,NA,NA,25.93,26.6,22.08,32.27,41.95,35.19,24.23,61.42,NA,NA,NA
"7152","7152","JAYCORP",10.96,10.96,9.96,3.99,3.49,3.49,3.49,1.99,7.31,0.09,0.04,15.09,18.04,15.29,5.82,6.28,3.71,7.48,1.86,10.14,8.96,3.05,72.65,60.74,65.18,68.49,55.47,94.09,46.67,107.46,72.05,0.95,1.27,9.17,7.33,7.58,4.3,4.55,6.73,7.14,3.92,10,0.12,0.07,7.92,8.28,8.6,15.92,12.2,13.98,6.53,27.4,7.2,7.81,18.06,8.8,7.59,9.62,3.81,4.49,6.93,7.45,3.57,9.74,0.18,0.06,8.25,8.01,6.78,17.98,12.36,13.58,6.27,30.09,7.4,5.27,21.54,13.89,16.32,14.47,6.21,6.86,4.18,8.43,2.24,11.97,11.42,4
"0151","0151","KGB",0.91,0.94,0.45,0.9,0.39,1.35,0.02,0,0,0,0,4.99,4.99,3.61,-1.07,2.11,0.68,2.48,3.8,3.29,3.26,2.69,18.14,18.75,12.42,NA,18.66,198.86,0.73,NA,NA,NA,NA,1.12,1.16,1.16,3.64,1.23,4.49,0.08,0,0,0,0,16.22,16.22,10.68,-23.11,15.11,44.25,9.14,4.12,5.95,6.52,0,1.17,1.2,1.75,3.45,1.47,4.65,0.08,0,0,0,0,15.56,15.56,7.08,-24.37,12.69,42.76,9.69,4.03,2.89,5.2,0,15.3,15.3,13.44,-4.42,7.26,2.99,16.21,17.3,21.23,26.3,30.55
"7153","7153","KOSSAN",0,0,0,5.5,0,7,2,5.6,0,1.29,1.46,28.8,28.77,26.9,31.67,22.77,21.33,15.98,14.02,17.79,10.53,9.26,NA,NA,NA,17.37,NA,32.82,12.52,39.9,NA,12.27,15.75,0,0,0,0.81,0,1.54,1.22,3.35,0,0.75,1.95,30.2,29.98,24.09,21.31,24.16,21.38,10.26,11.9,8.97,16.41,8.08,0,0,0,0.59,0,1.62,1.19,3.38,0,0.94,2.08,28.16,27.94,24.5,29.36,19.63,20.25,10.52,11.79,8.91,12.99,7.56,0.16,0.16,0.17,21.4,18.21,19.57,0.17,16.41,25.69,18.75,19.9
"7087","7087","MAGNI",22,23,18,6.67,8.67,8.67,3.97,3.82,4.77,3.18,2.83,67.43,73.8,50.46,32.08,25.78,22.02,18.83,10.61,10.14,7.09,6.24,32.63,31.16,35.67,20.78,33.62,39.37,21.08,36.01,47.08,44.87,45.26,4.85,3.36,4.37,2.78,4.32,6.67,4.08,4.32,6.41,5.81,4.99,6.73,9.28,8.16,7.48,7.78,5.9,5.17,8.34,7.34,7.72,9.07,4.43,4.67,4.26,3.15,4.83,7.74,4.58,4.51,6.25,6.17,4.53,7.37,6.68,8.38,6.59,6.96,5.09,4.6,7.98,7.53,7.27,9.99,24.08,29.4,25.48,28.65,17.82,17.29,16.55,10.96,11.22,8.51,7.91
"5703","5703","MUHIBAH",6.97,6.97,5.42,4.75,3.52,3.84,2.11,4.17,2.87,1.98,1.97,27.3,27.3,21.88,17.75,16.92,17.92,-19.34,13.23,6.83,2.63,4.52,25.55,25.55,24.79,26.75,20.8,21.45,NA,31.54,42.05,75.24,43.55,2.26,2.26,2.2,2.19,1.75,1.88,3.07,3.55,2.38,2.72,3.05,11.31,11.31,11.27,12.2,11.91,11.44,-3.55,8.89,17.66,27.69,14.29,2.46,2.46,2.47,2.26,2.14,1.97,3.05,4.42,2.33,2.5,2.53,10.37,10.37,10.05,11.82,9.72,10.87,-3.57,7.13,18.02,30.1,17.25,12.57,12.57,10.93,10.68,12.82,15.66,-20.48,12.48,7.3,3.5,4.25
"0138","0138","MYEG",1.7,1.7,1.19,0.63,0.41,0.3,0.23,0.18,0.08,0.3,0.14,6.24,5.6,3.96,1.89,1.39,0.97,0.76,0.61,0.58,0.48,0.41,27.22,30.42,30.02,33.33,29.41,31.17,30.43,29.84,14.29,62.76,33.9,0.63,0.84,0.87,0.73,0.89,0.98,1.61,1.8,0.69,4.14,2.33,43.4,36.15,34.52,45.61,32.94,31.69,18.91,16.55,20.57,15.17,14.58,0.76,0.78,0.91,0.68,0.82,1.16,2.41,1.55,0.66,4.14,13.33,35.71,39.19,32.85,48.77,35.76,26.84,12.61,19.26,21.71,15.17,2.54,33.85,36.4,54.02,50.05,57.82,24.44,23.3,22.15,24.89,25,30.26
"7140","7140","OKA",5.55,5.57,4.83,3.8,1.12,1.28,1.1,1.1,1.1,1.47,1.1,16.42,17.3,12.61,9.14,8.18,3.47,3.02,3.44,2.37,2.46,0.93,33.78,32.22,38.32,41.58,13.66,37,36.44,32.05,46.49,59.7,118.33,3.64,3.57,4.39,4.06,3.45,5.22,6,5.36,5,10,7.32,9.2,9.02,8.74,10.24,3.96,7.08,6.07,5.98,9.3,5.97,16.17,3.35,3.77,5.03,4.17,1.86,6.03,5.88,5.56,4.84,10.53,6.82,9.99,8.55,7.63,9.98,7.33,6.13,6.19,5.77,9.61,5.67,17.36,16.42,17.07,15,12.33,12.21,5.8,5.28,6.83,4.93,5.23,2.04
"0040","0040","OPENSYS",1,1,1,1,0.75,0.75,0.82,0.75,0,0,0,2.25,2.25,2.02,2.48,1.88,1.56,1.2,2.02,0.42,1.1,1.02,44.36,44.36,49.62,40.4,39.84,48.08,68.32,37.09,NA,NA,NA,3.33,3.33,2.78,3.51,2.82,5.56,9.17,8.33,0,0,0,13.31,13.31,17.86,11.51,14.14,8.65,7.45,4.45,16.07,6.85,5.17,3.45,3.45,2.94,3.39,3.23,5.88,9.17,7.69,0,0,0,12.87,12.87,16.87,11.92,12.35,8.17,7.45,4.82,14.29,8.22,5.91,13.07,13.07,12.6,16.52,14.16,12.82,10.64,18.43,3.19,8.34,8.44
"1724","1724","PARAMON",15.84,15.85,8.39,8.13,6.77,6.31,6.31,7.89,20.46,7.1,5.29,31.15,31.15,17.52,15.8,14.59,12.49,13.18,16.76,34.6,13.43,9.81,50.86,50.89,47.92,51.47,46.38,50.51,47.88,47.08,59.12,52.87,53.94,8.25,8.25,5.31,5.32,4.84,5.1,4.97,6.06,46.58,25.23,30.88,6.17,6.17,9.02,9.67,9.59,9.91,9.63,7.77,1.27,2.1,1.75,9.04,9.04,6.12,4.91,4.87,5.26,5.33,6.49,46.58,26.42,31.34,5.63,5.63,7.84,10.48,9.52,9.6,8.98,7.25,1.27,2,1.72,12.89,12.89,8.03,7.6,8,7.37,8.07,10.67,24.12,11.15,8.71
"5183","5183","PCHEM",27,27,19,17.88,15.9,20.17,21.99,15.88,17.78,0,NA,52.21,52,37,34.78,30.81,39.32,43.98,32.76,37.43,27.49,NA,51.81,51.71,51.84,51.43,51.61,51.28,50,48.48,47.5,NA,NA,3.33,3.33,2.54,2.55,2.97,2.96,3.52,2.32,2.65,0,NA,15.51,15.51,20.41,20.2,17.39,17.31,14.2,20.91,17.9,0,NA,3.51,3.51,2.72,2.48,2.94,2.89,3.44,2.58,2.62,0,NA,14.75,14.75,19.05,20.77,17.58,17.74,14.55,18.79,18.1,0,NA,15,15,10.84,11.29,10.92,14.34,17.32,13.15,16.26,12.82,NA
"5681","5681","PETDAG",97.07,97,69.99,60,60,70,70,79.98,100.05,59.99,45.04,154.96,155,95.08,79.5,50.5,81.7,84.2,65.88,87.55,75.79,58.25,62.64,60.47,73.61,75.45,118.84,85.67,83.1,121.4,114.29,79.16,77.32,3.77,3.77,2.89,2.36,3.53,2.3,2.98,4.44,6.13,6.7,5.66,16.61,16.02,25.49,31.94,33.67,37.33,27.9,27.31,18.63,11.81,13.66,4,4,2.94,2.41,3.5,2.23,2.98,4.49,6.06,6.63,5.7,15.68,15.12,25.03,31.26,33.91,38.48,27.9,27.01,18.86,11.94,13.57,25.62,26.56,17.81,15.97,10.56,0.17,17.4,13.7,18.12,16.51,13.89
"8869","8869","PMETAL",5.8,5.86,3.64,2.47,2.52,0.26,0.35,0.23,0.22,0.17,0.16,15.58,15.58,12.5,3.52,5.56,0.39,4.75,2.33,2.16,0.71,0.27,37.2,37.57,29.14,70.22,45.3,68.09,7.46,9.66,10.3,23.28,60.87,1.04,1.04,3.62,3.49,5.46,0.87,1.7,1.04,0.93,1.46,2.73,36.2,36.2,8.06,20.13,8.3,78.3,4.38,9.28,11.07,15.96,22.26,1.11,1.11,5.35,3.59,6.18,0.86,1.57,1.14,0.76,1.46,2.73,33.75,33.75,5.45,19.57,7.33,78.98,4.75,8.5,13.49,15.96,22.26,27.06,27.06,48.62,7.12,20.78,1.18,16.27,9.04,10.44,3.74,1.46
"9873","9873","PRESTAR",2.89,4.82,1.72,1.71,1.71,1.7,0.51,0.85,0.85,1.27,1.27,21.07,21.07,11.89,5.21,6.01,5.96,3.76,3.95,2.99,2.05,5.48,13.72,22.87,14.46,32.84,28.37,28.53,13.55,21.54,28.47,62,23.26,2.73,4.55,2.23,4.71,4,4.21,2.18,2.7,2.17,2.88,4.17,5.03,5.03,6.47,6.98,7.09,6.78,6.21,7.97,13.1,21.49,5.58,2.88,4.81,2.3,4.17,4.44,4.35,2.14,2.94,2.13,2.63,3.75,4.76,4.76,6.29,7.88,6.38,6.56,6.32,7.32,13.38,23.56,6.2,15.5,15.5,10.4,4.95,6.08,6.32,4.22,4.6,3.58,2.52,6.79
"7084","7084","QL",3.27,5.58,3.27,0,2.5,2.31,2.31,2.08,1.81,1.42,0.88,12.77,12.08,11.84,11.8,9.86,8.12,8.1,7.68,6.59,5.51,4.98,25.64,46.18,27.61,NA,25.38,28.44,28.48,27.06,27.46,25.74,17.7,0.66,1.46,0.96,0,1.09,1.34,1.42,1.27,4.03,5.26,4.55,38.78,31.59,28.78,26.4,23.21,21.23,20,21.26,6.81,4.89,3.89,0.75,1.59,0.98,0,1.08,1.49,1.38,1.37,4.34,5.69,5.24,34.08,29.04,28.26,25.56,23.5,19.08,20.57,19.74,6.33,4.52,3.38,11.6,11.21,12.03,13.45,12.42,20.29,16.12,17.85,42.67,25.65,22.39
"4731","4731","SCIENTX",15.51,15.72,10.24,10.11,9.5,11.49,5.72,4.84,3.52,NA,4.45,57.07,52.33,49.26,32.35,30.36,22.56,17.16,15.8,12.34,7.66,9.76,27.19,30.03,20.78,31.24,31.29,50.94,33.32,30.64,28.57,NA,45.56,1.95,1.86,3.49,3.12,3.02,4.76,5.31,5.21,4.23,0,9.73,13.93,16.14,5.95,10.01,10.35,10.7,6.28,5.88,6.75,7.36,4.68,1.79,1.85,1.73,3.1,3.69,4.91,5.42,4.26,5.16,0,8.8,15.18,16.26,11.99,10.08,8.48,10.36,6.15,7.19,5.54,6.9,5.18,17.05,16.75,20.72,16.89,20.84,17.97,15.99,16.54,14.58,9.99,14.99
"7155","7155","SKPRES",0,0,0,1.22,0.65,0.94,0.72,0.96,0.24,0.24,0,10.53,8.36,6.52,3.38,2.35,3.25,2.95,2.1,1.07,0.23,1.46,NA,NA,NA,36.2,27.64,28.82,24.36,45.91,22.38,102.66,NA,0,0,0,1.68,2.28,3.77,4.29,11.76,4.17,6.25,0,17.65,14.56,17.15,21.51,12.13,7.65,5.68,3.9,5.37,16.42,2.95,0,0,0,2.01,2.77,4.13,4.55,11.11,4.17,8.33,0,21.29,14.22,17.28,18,9.98,6.98,5.36,4.13,5.37,12.32,2.95,24.91,23.5,24.89,27.62,13.57,20.5,30.78,16.76,9.71,2.21,13.86
"5347","5347","TENAGA",65.2,21.35,60.79,31.8,28.82,28.82,24.53,19.33,4.32,19.88,13.56,113.37,48.53,121.59,129.75,107.75,113.89,94.33,77.67,17,56.37,16.17,57.51,43.98,50,24.51,26.75,25.31,26.01,24.89,25.42,35.27,83.9,4.17,1.36,4.25,2.23,2.29,2.17,2.65,2.89,0.77,4.58,3.27,13.81,32.25,11.75,10.97,11.68,11.66,9.81,8.61,33.1,7.71,25.64,4.29,1.4,4.27,2.17,2.59,2.34,2.86,2.94,0.86,4.59,3.46,13.42,31.35,11.7,11.29,10.31,10.8,9.08,8.47,29.65,7.69,24.22,11.26,4.82,12.09,14.06,12.96,14.96,14.39,12.73,3.02,10.64,3.53
"5010","5010","TONGHER",37.33,17.68,8.33,4.8,4.82,3.21,17.71,6.47,4.05,4.04,12.95,36.47,36.47,28.73,-1.97,19.19,11.18,9.31,23.22,16.13,5.34,11.64,102.35,48.48,29.01,NA,25.11,28.74,190.27,27.85,25.09,75.68,111.27,9.27,4.39,4.63,3.05,2.67,2.35,12.57,3.74,2.16,2.94,8,11.04,11.04,6.27,-79.76,9.42,12.22,15.14,7.45,11.64,25.73,13.91,9.45,4.48,4.9,2.97,2.97,2.3,12.43,4.08,1.92,2.91,8,10.83,10.83,5.92,-81.78,8.45,12.5,15.31,6.82,13.05,26.03,13.91,13.36,13.36,12.31,-0.88,8.82,5.5,4.8,11.35,8.63,3,6.6
"7100","7100","UCHITEC",24.33,24.37,12.01,9.3,8.25,8.22,9.86,9.86,9.9,4.95,9.92,15.68,15.68,12.35,10.96,8.92,8.69,9.97,10.89,11.69,5.99,13.07,155.15,155.43,97.26,84.81,92.51,94.61,98.93,90.57,84.63,82.53,75.9,8.31,8.31,7.22,6.75,6.54,7.58,10.17,10.26,9.3,4.72,16,18.71,18.71,13.47,12.57,14.15,12.49,9.73,8.83,9.1,17.47,4.74,7.55,7.55,7.3,6.32,6.99,7.3,10.34,11.01,9.23,4.48,13.04,20.58,20.58,13.32,13.42,13.23,12.96,9.56,8.23,9.17,18.43,5.82,30.35,30.35,23.05,21.98,20.79,20.33,23.78,25.98,28.94,16.52,34.37
"0097","0097","VITROX",4.5,3.5,1.49,2.72,1.98,1.11,0.49,1.97,0.97,0.36,0.66,18.02,17.66,13.79,9.43,10.44,5.12,4.36,4.73,6.77,0.41,1.77,24.97,19.81,10.83,28.9,18.94,21.61,11.3,41.62,14.37,86.61,37.24,0.88,0.55,0.75,1.7,1.29,1.63,1.44,5.33,2.97,3.24,7.41,28.25,35.83,14.44,16.97,14.63,13.26,7.86,7.8,4.84,26.77,5.03,0.84,0.56,0.81,1.6,1.76,1.83,1.54,4.6,3.7,3.33,6.45,29.7,35.15,13.39,18.08,10.75,11.82,7.35,9.05,3.88,25.98,5.77,24.17,25.15,49.59,21.26,28.12,18.34,17.88,23.02,62.54,3.94,16.71
"6963","6963","VS",4.12,4.18,3.28,2.97,0.25,0.01,1.63,0.98,0.7,0.14,1.18,10.71,9.38,7.07,7.96,3.22,2.63,2.24,1.66,1.46,0.31,3.8,38.43,44.6,46.31,37.24,7.92,0.21,72.73,58.67,47.97,44.67,30.9,2.12,2.33,3.51,3.27,0.9,0.04,10.07,6.87,4.58,1.07,6.55,18.09,19.12,13.2,11.4,8.77,5.16,7.22,8.54,10.48,41.92,4.72,1.75,2.68,3.56,0.76,1.18,0.04,9.43,5.81,5.33,0.94,6.29,21.9,16.63,13,49.26,6.74,5.16,7.71,10.1,9,47.42,4.92,14.82,15.03,13.53,18.96,51.84,9.14,9.17,7.17,6.48,1.46,17.98
"7231","7231","WELLCAL",5.66,6.17,4.09,6.13,5.53,4.79,4.25,3.18,2.9,2.86,2.24,6.94,7.26,6.28,8.3,5.91,4.96,4.69,3.08,2.94,2.68,3.44,81.58,84.96,65.06,73.9,93.68,96.67,90.78,103.43,98.85,106.82,65.04,3.88,4.23,3.35,3.59,5,5.47,6.58,9.84,9.02,9.02,8.42,21.03,20.1,19.42,20.56,18.74,17.67,13.79,10.52,10.96,11.85,7.73,3.78,4.78,3.13,4.18,5.09,6.36,7.21,10.71,8.59,9.65,7.47,21.6,17.76,20.8,17.67,18.4,15.2,12.6,9.65,11.5,11.07,8.7,33.22,34.91,47.83,42.49,34.08,29.7,28.85,19.7,18.96,16.77,22.98
"5159","5159","YOCB",8,5,4,4,4,3.5,2,0,4.26,0,NA,13.97,14.22,13.06,11.6,12.53,12.78,10.8,11.44,9.43,0,NA,57.24,35.15,30.61,34.5,31.92,27.38,18.52,NA,45.13,NA,NA,7.69,3.36,3.6,4.62,3.36,5.65,3.64,0,10.94,0,NA,7.44,10.47,8.49,7.46,9.5,4.85,5.09,4.06,4.13,0,NA,6.67,3.7,3.23,4,3.25,5.38,3.39,0,8.43,0,NA,8.59,9.49,9.49,8.63,9.82,5.08,5.46,4.13,5.35,0,NA,11.07,11.61,11.64,11.23,13.1,14.68,13.88,16.58,20.41,NA,NA
"6084","6084","STAR",42.06,41.96,17.99,17.98,17.98,14.99,18,18,72.1,21,21,12.23,12.23,14.88,18,15.09,19.35,28.18,25.27,25.04,19.59,18.81,344.03,343.22,120.89,99.89,119.21,77.48,63.88,71.2,287.94,107.2,111.64,31.82,31.82,7.56,7.53,7.2,6.7,7.03,5.52,20.84,6.56,6.91,10.79,10.79,15.98,13.26,16.56,11.57,9.08,12.9,13.82,16.33,16.16,25.45,25.45,8.04,7.69,7.79,6.73,6.98,5.71,21.78,6.6,6.48,13.48,13.48,15.04,12.99,15.3,11.52,9.16,12.46,13.22,16.23,17.22,10.37,10.37,9.73,11.55,9.74,12.25,18.3,17.56,18.28,11.52,11.47
"5090","5090","MEDIAC",2.67,3.18,4.86,3.63,5.3,47.91,8.18,5.89,3.69,2.12,2.09,2.32,3.98,6.99,7.27,10.59,10.97,11.59,9.83,7.38,3.63,4.15,115.13,80.04,69.63,50,50.03,436.71,70.61,59.94,49.99,58.36,50.33,6.94,5.48,6.63,5.85,5.44,36.89,8.03,4.55,4.79,3.67,4.75,16.6,14.6,10.51,8.54,9.2,11.84,8.79,13.18,10.43,15.89,10.59,6.76,4.93,6.81,5.34,5.82,40.64,8.03,5.23,4.29,4.1,1.53,17.03,16.23,10.22,9.37,8.59,10.74,8.79,11.46,11.65,14.25,32.81,4.7,7.82,12.52,14.97,22.16,27.41,15.3,13.92,12.04,6.02,11.01
"3107","3107","FIMACOR",12.34,17.21,24.61,14.35,11.48,4.92,11.48,9.84,6.56,5.6,5.31,16.88,23.71,20.91,22.74,27.6,23.74,29.32,32.41,24.75,23.29,12.51,73.09,72.59,117.7,63.12,41.6,20.73,39.17,30.37,26.52,24.05,42.45,6.28,7.85,11.26,9.47,4.14,2.48,5.88,4.69,4.44,7.66,7.11,11.65,9.25,10.45,6.67,10.04,8.37,6.66,6.48,5.97,3.14,5.97,6.03,7.81,10.68,9.88,4.29,2.59,5.73,5.08,4.44,7.08,7.08,12.11,9.29,11.02,6.39,9.69,8.02,6.84,5.97,5.97,3.39,6,7.63,9.84,9.23,18,13.84,12.48,16.52,20.88,19.24,23.18,14.72
"7757","7757","UPA",17.46,17.46,7.77,8.81,7.88,7.93,7.84,7.84,9.84,8.34,8.36,47.75,47.75,40.18,23.66,18.13,15.61,16.61,11.03,17.71,16.92,18.18,36.57,36.57,19.33,37.25,43.45,50.79,47.19,71.12,55.56,49.3,46.01,7.32,7.32,3.67,4.05,4.82,5.76,6.4,5.8,7.52,6.8,8.4,5,5,5.27,9.19,9.02,8.83,7.37,12.27,7.39,7.25,5.47,7.32,7.32,3.85,4.17,5.16,5.93,6.5,5.76,7.25,6.62,7.19,5,5,5.02,8.94,8.42,8.57,7.26,12.36,7.67,7.44,6.39,15.29,15.29,14.18,9.29,7.58,6.76,7.6,5.28,8.61,8.56,9.66
"5143","5143","LUXCHEM",2.26,3.87,2.22,2,1.83,1.22,1.3,1.37,1.22,1.06,0.76,4.3,4.77,5.09,4.65,2.57,2.3,2.58,2.66,2.4,2.24,2.08,52.54,81.14,43.7,42.98,71.06,52.94,50.33,51.4,50.76,47.54,36.47,3.74,5.16,4.35,3.57,6.63,5.56,6.97,8.11,7.34,6.86,8.33,14.04,15.72,10.05,12.04,10.72,9.53,7.22,6.34,6.92,6.93,4.38,3.65,5.3,4.76,3.92,7.32,6.2,6.8,8.91,7.62,6.67,7.69,14.38,15.31,9.18,10.98,9.71,8.54,7.4,5.77,6.66,7.13,4.74,13.58,15.9,57.2,20.71,14.07,13.61,16.09,18.05,18.11,18.64,19.31
"7202","7202","CSCENIC",10,10,11,10,8,8,12.3,8.96,6.22,6.97,2.99,10.2,10.2,11.02,9.54,8.4,7.58,11.04,7.72,9.84,6.8,6.48,98.04,98.04,99.77,104.87,95.29,105.54,111.67,115.98,63.26,102.48,46.15,6.29,6.29,5.53,7.69,6.25,6.5,11.5,10.98,8.45,12.5,8.82,15.59,15.59,18.05,13.63,15.25,16.23,9.71,10.57,7.49,8.2,5.23,6.06,6.06,6.15,8.26,6.67,7.34,11.83,12.33,8.8,15.56,7.69,16.18,16.18,16.24,12.69,14.29,14.38,9.44,9.41,7.19,6.59,6,12.75,12.75,13.78,11.77,10.63,9.6,13.6,9.82,12.83,8.76,8.78
"6432","6432","APOLLO",25,25,30,25,25,20,20,25,0,0,25,15.51,22.29,37.18,31.62,41.84,40.11,27.18,22.32,30.85,26.15,26.22,161.19,112.16,80.69,79.07,59.76,49.87,73.57,112.01,NA,NA,95.35,6.2,5,5.31,5.3,5.02,4.76,6.78,8.12,0,0,9.58,25.98,22.43,15.2,14.93,11.9,10.47,10.85,13.8,9.5,9.29,9.95,5.63,5,5.04,5.53,5.22,5.25,6.83,8.2,0,0,8.99,28.63,22.43,16,14.3,11.45,9.5,10.78,13.66,9.4,9.1,10.6,5.14,7.03,11.55,10.17,13.72,13.93,10.14,8.55,12.15,11.08,11.86
"7811","7811","SAPIND",4,4,6,6,6,11,7,27.8,5,0,3,4.23,4.23,8.45,10.61,11.33,25.07,18.53,27.87,11.13,7.75,7.06,94.58,94.61,71.03,56.52,52.96,43.87,37.77,99.75,44.94,NA,42.49,5.26,5.26,6.22,6.25,4.62,8.4,4.7,25.98,7.69,0,6.67,17.97,17.98,11.42,9.04,11.47,5.22,8.04,3.84,5.84,4.52,6.37,4.49,4.49,6.67,6.42,4.44,8.66,4.9,25.27,9.62,0,8.57,21.04,21.05,10.65,8.81,11.92,5.07,7.72,3.95,4.67,6.06,4.96,2.92,2.92,5.79,7.42,8.09,18.04,15.84,26.29,11.47,8.91,8.61
"7157","7157","CYL",4,4,3.96,5.96,5,4.01,4.45,4,4,4,4,1.2,1.2,2.92,5.94,4.6,1.3,3.49,3,3.72,3.75,5.83,333.33,333.33,135.87,100.33,108.53,309.57,127.49,133.33,107.58,106.61,68.61,6.67,6.67,4.91,6.9,7.52,6.72,8.65,8.16,8,7.84,10,50,50,27.68,14.55,14.43,46.05,14.73,16.33,13.45,13.59,6.86,6.25,6.25,5.1,6.94,8.93,7.92,9.38,8.51,7.69,8,8,53.33,53.33,26.66,14.46,12.16,39.08,13.6,15.67,13.99,13.33,8.58,1.76,1.76,4.15,8.19,6.35,1.77,4.63,3.81,4.66,5.14,7.96
"9148","9148","ADVPKG",11.19,11.19,11.19,11.18,11.19,13.08,13.15,13.22,19.37,8.66,8.93,5.73,5.74,14.05,13.61,9.84,13.79,12.89,11.68,11.8,2.21,5.62,195.19,195.02,79.63,82.19,113.74,94.85,102.04,113.18,164.18,391.3,159.01,6.25,6.25,5.33,5.22,5.5,7,9.27,10.94,8.8,1.96,3.63,31.23,31.2,14.93,15.75,20.66,13.55,11.01,10.35,18.66,200,43.82,5.94,5.94,5.36,5.26,5.61,7.22,9.93,10.77,7.86,2.68,3.63,32.86,32.83,14.86,15.62,20.28,13.14,10.28,10.51,20.9,146.09,43.82,3.89,3.89,9.19,9.07,6.68,9.28,8.79,8.08,4.44,0.91,2.26
"6491","6491","KFIMA",8.91,8.91,8.82,8.3,7.71,7.59,7.47,6.53,4.66,2.8,2.33,11.97,17.81,20.1,20.75,21.37,27.39,28.65,25.17,20.82,16.36,10.73,74.44,50.02,43.88,39.98,36.1,27.69,26.06,25.94,22.4,17.11,21.73,5.88,4.66,4.86,4.34,3.49,3.65,4.47,4.09,5.62,5.17,5.32,12.78,10.73,9.02,9.22,10.33,7.58,5.83,6.34,3.99,3.31,4.08,5.73,4.74,4.86,4.27,3.43,4.26,4.28,4.27,4.76,7.69,5.43,13.12,10.56,9.02,9.36,10.52,6.51,6.09,6.08,4.7,2.22,4,4.45,6.38,7.6,8.02,9.51,12.78,14.83,16.16,14.68,13.81,10.09
"5131","5131","ZHULIAN",8,7.5,6,8.57,10,16,15.5,12,12,10.5,8.25,10.28,11.48,9.04,16.47,10.64,26.31,25.46,20.72,18.93,17.83,16.24,77.85,65.33,66.37,52.04,94.01,60.81,60.88,57.92,63.39,58.9,50.81,5.44,3.59,4.84,4.11,4.41,4.66,5.5,6.35,6.9,7.73,11.7,14.3,18.2,13.72,12.66,21.34,13.04,11.08,9.12,9.19,7.61,4.34,4.85,4.17,4.62,3.97,4.69,3.28,5.96,6.98,6.94,9.15,11.96,16.06,15.68,14.38,13.1,20.02,18.55,10.21,8.3,9.14,6.44,4.25,8.19,9.1,7.51,10.02,10.13,24.01,25.92,24.29,24.74,25.62,26.73
"5024","5024","HUPSENG",6,6,6,7.5,3,3.45,4.5,3.75,1.8,1.91,0.55,5.56,5.56,6.18,6.84,4.77,4.59,4.07,2.33,2.92,3.39,2.01,107.9,107.9,97.15,109.65,62.89,75.11,110.62,161.26,61.7,56.48,27.62,5.61,5.61,5.08,5.68,3.33,3.31,9.87,13.89,6.56,8.85,10.14,19.24,19.24,19.11,19.3,18.87,22.7,11.21,11.61,9.41,6.38,2.72,5.5,5.5,5.13,5.81,3.73,3.58,10.6,13.97,6.63,9.44,10.42,19.6,19.6,18.95,18.86,16.88,20.97,10.44,11.55,9.31,5.98,2.65,27.8,27.8,26.85,32.57,25.11,24.5,21.19,12.6,15.94,18.97,12.76
"2089","2089","UTDPLT",0,164.73,103.24,125,120,90,70,50,40,35,30,186.36,133.58,120.99,164.43,179.67,126.99,135.24,143.93,86.19,72.07,63.91,NA,123.32,85.33,76.02,66.79,70.87,51.76,34.74,46.41,48.56,46.94,0,6.59,4.13,4.75,5.27,5.36,5.25,4.63,2.8,3.18,4.23,15.32,18.7,20.66,15.99,12.67,13.23,9.86,7.5,16.59,15.26,11.11,0,6.76,3.97,5,6.32,5.26,5.04,4.85,3.15,3.59,4.26,15.11,18.24,21.49,15.2,10.58,13.47,10.28,7.16,14.73,13.53,11.03,14.83,13.09,11.46,15.92,18.73,14.92,17.18,20.92,14.99,13.99,13.6
"5235SS","5235SS","KLCC",36.15,36.15,35.65,34.65,33.64,25.15,8.54,NA,NA,NA,NA,48.63,48.63,49.08,62.68,51.95,45.73,81.1,NA,NA,NA,NA,74.34,74.34,72.64,55.28,64.75,55.01,10.53,NA,NA,NA,NA,4.63,4.63,4.56,4.98,4.95,5.26,0,NA,NA,NA,NA,16.04,16.04,15.93,11.1,13.09,10.45,0,NA,NA,NA,NA,4.18,4.18,4.3,4.91,5.01,4.95,0,NA,NA,NA,NA,17.77,17.77,16.91,11.26,12.92,11.12,0,NA,NA,NA,NA,6.74,6.74,6.92,9.02,7.8,8.12,18.91,NA,NA,NA,NA
"5106","5106","AXREIT",7.62,8.26,7.38,7.47,7.49,6.87,6.86,5.32,4.35,3.58,3.14,10.66,10.97,9.92,7.84,8.96,9.03,8.37,6.58,8.22,5.03,5.15,71.54,83.05,74.32,95.35,83.54,76.13,82.01,80.9,52.88,71.27,61.01,5.53,5.9,5,5.32,5.61,6.49,5.94,6.37,6.72,8.19,12.12,12.95,14.08,14.86,17.93,14.89,11.73,13.8,12.7,7.87,8.71,5.03,5.91,5.51,5.12,5.12,5.46,6.31,5.94,6.56,6.75,8.19,13.63,12.1,15.08,14.5,18.62,15.31,12.06,13.8,12.32,7.83,8.71,4.47,8.15,7.7,8.81,7.16,9.76,10.9,10.46,10.22,15.06,12.37,14.3
"5116","5116","ALAQAR",7.55,7.55,6.43,5.17,11.19,8.03,5.31,4.54,2.97,5.5,4.77,11.62,11.62,8.71,9.63,9.78,10.07,8.64,11.69,6.15,7.37,6.33,64.96,64.95,73.81,55.82,114.47,79.77,61.49,38.84,48.24,74.6,75.35,5.81,5.81,4.02,3.47,8.36,6.27,4.45,4.27,3.33,7.81,8.8,11.18,11.18,18.37,16.09,13.69,12.73,13.83,9.09,14.5,9.56,8.56,5.28,5.28,4.1,3.69,8.49,6.32,4.48,4.5,3.54,7.73,8.62,12.3,12.3,18.02,15.12,13.49,12.63,13.72,8.64,13.64,9.65,8.74,9.17,9.17,7.08,7.67,8.56,9,8.18,11.88,7.67,9.86,10.34
"5269","5269","ALSREIT",6.25,6.25,3.8,0,0,NA,NA,NA,NA,NA,NA,7,7,8.05,2.55,0,NA,NA,NA,NA,NA,NA,89.27,89.27,47.23,NA,NA,NA,NA,NA,NA,NA,NA,6.65,6.65,3.65,0,0,NA,NA,NA,NA,NA,NA,13.43,13.43,12.93,36.92,0,NA,NA,NA,NA,NA,NA,6.25,6.25,3.55,0,0,NA,NA,NA,NA,NA,NA,14.28,14.28,13.3,36.53,0,NA,NA,NA,NA,NA,NA,6.59,6.59,7.63,2.51,NA,NA,NA,NA,NA,NA,NA
"6033","6033","PETGAS",66,66,62,60,55,55,50,40,50,50,50,90.6,90.6,87.89,100.44,93.15,105.06,71.01,54.63,72.74,47.55,46.93,72.85,72.85,70.54,59.74,59.04,52.35,70.42,73.22,68.74,105.15,106.54,3.74,3.74,3.01,2.68,2.46,2.38,2.74,2.42,4.46,5.06,5.26,19.49,19.49,23.42,22.3,24.03,21.99,25.66,30.2,15.42,20.78,20.24,3.78,3.78,2.91,2.64,2.48,2.27,2.56,2.63,4.37,5.1,5.15,19.29,19.29,24.24,22.6,23.79,23.11,27.49,27.82,15.73,20.61,20.67,14.32,14.32,14.53,17.37,17.5,20.25,15.33,12.63,17,11.74,11.55
"5248","5248","BAUTO",8.48,11.52,16.61,10.18,3.43,0,NA,NA,NA,NA,NA,9.05,10.25,17.01,18.28,11.4,4.38,NA,NA,NA,NA,NA,93.77,112.34,97.6,55.67,30.07,NA,NA,NA,NA,NA,NA,4.23,5.77,7.41,4.11,2.27,0,NA,NA,NA,NA,NA,22.2,19.48,13.17,13.54,13.23,0,NA,NA,NA,NA,NA,3.82,5.42,7.68,3.61,2.52,0,NA,NA,NA,NA,NA,24.62,20.73,12.7,15.41,11.91,0,NA,NA,NA,NA,NA,23.57,26.86,37.33,63.07,40.78,32,NA,NA,NA,NA,NA
"5007","5007","CHINWEL",7.19,6.8,8.5,5.53,4.4,2.73,2.27,2.73,1.46,0,0,17.73,16.98,21.16,13.6,11.97,7.39,15.9,11.86,4.65,0.93,9.04,40.54,40.05,40.17,40.64,36.74,36.9,14.3,23.02,31.31,NA,NA,4.29,3.8,5.63,4.2,3.12,2.42,2,2.21,1.43,0,0,9.45,10.54,7.14,9.67,11.79,15.25,7.15,10.43,21.92,107.77,10.58,3.93,3.8,5.86,3.79,3.6,2.8,1.85,1.99,1.52,0,0,10.29,10.54,6.85,10.72,10.19,13.16,7.72,11.59,20.55,113.59,10.88,9.72,9.54,12.82,9.58,9.46,6.25,13.98,12.18,5.11,1.04,10.23
"3301","3301","HLIND",44.42,42.48,39.5,27.27,23.51,24.45,21.63,19.42,13.56,7.98,12.01,37.65,31.44,75.4,52.83,51.08,45.01,40.25,66.9,59.25,22.89,54.19,117.96,135.13,52.4,51.62,46.02,54.33,53.74,29.03,22.89,34.86,22.17,4.27,4.6,4.43,5.81,3.53,5.05,4.67,5.15,3.35,2.72,3.66,27.62,29.37,11.83,8.88,13.03,10.76,11.52,5.64,6.83,12.83,6.06,4.32,4.44,5.04,6.55,3.74,5.75,5.85,5.11,3.74,2.94,3.73,27.32,30.45,10.39,7.89,12.3,9.44,9.18,5.68,6.11,11.85,5.94,8.73,8.12,19,14.59,13.28,12.63,11.99,19.84,13.99,5.92,14.61
"5160","5160","HOMERIZ",3.2,4.2,5,4,3.4,2.5,2,1.5,2.81,NA,NA,8.34,10.3,9.34,7.85,6.75,5.04,4.9,3.6,6.68,NA,NA,38.38,40.79,53.52,50.96,50.4,49.6,40.82,41.59,41.98,NA,NA,4.64,4.42,5.24,3.54,5.8,7.98,9.68,9,8.36,0,NA,8.28,9.23,10.22,14.39,8.7,6.22,4.22,4.62,5.02,0,NA,4.24,4.49,5.65,4.37,6.5,9.15,10.34,7.76,11.09,0,NA,9.06,9.08,9.47,11.66,7.76,5.42,3.95,5.36,3.79,0,NA,18.53,23.4,23.95,23.09,22,18.44,20.42,17.45,41.9,NA,NA
"7089","7089","LIIHEN",20,20,22,13.33,1.61,3.83,4,2.17,3.33,3,0,40.88,39.79,40.71,31.77,15.7,9.87,11.9,6.19,9.76,8.99,3.03,48.92,50.27,54.05,41.96,10.25,38.84,33.61,35.01,34.15,33.36,NA,6.23,6.23,6.25,5.15,1.28,6.12,9.38,7.65,8.62,6.25,0,7.85,8.07,8.65,8.15,8.02,6.35,3.59,4.58,3.96,5.34,5.16,5.56,5.56,6.9,5.01,1.72,7.14,9.23,7.83,8.7,9.38,0,8.81,9.05,7.84,8.37,5.94,5.44,3.64,4.47,3.93,3.56,4.95,25.47,24.79,27.74,24.88,44.47,12.21,15.9,9.24,15.55,15.79,6.08
"7052","7052","PADINI",11.5,11.5,11.5,10,11.5,8,6,4,0.9,2.8,3,23.63,23.92,20.88,12.19,13.82,12.97,14.48,11.44,9.27,7.53,6.34,48.66,48.07,55.08,82.03,83.21,61.66,41.43,34.97,9.71,37.19,47.34,2.15,2.72,4.37,7.41,6.08,4.82,2.58,4.49,5.49,25.93,30,22.64,17.68,12.6,11.07,13.68,12.8,16.09,7.78,1.77,1.43,1.58,2.18,3.27,4.85,7.52,5.84,4.23,3.26,3.77,5.92,29.17,26.32,22.34,14.71,11.35,10.91,14.25,14.57,12.7,9.27,1.64,1.28,1.8,25.97,28.48,29.41,19.66,23.46,22.76,27.85,26.6,128.72,24.29,24.56
"7229","7229","FAVCO",13.5,13.5,14.95,14.78,11.71,9.63,6.63,4.83,3.95,3.1,1.93,28.5,28.5,33.72,42.78,39.57,30.44,27.89,21.5,12.92,12.55,9.86,47.37,47.37,44.33,34.56,29.59,31.64,23.78,22.48,30.56,24.69,19.55,5.15,5.15,5.6,5.23,3.86,2.87,5.1,4.8,4.63,5.19,3.13,9.19,9.19,7.92,6.61,7.67,11.01,4.67,4.68,6.6,4.75,6.25,4.95,4.95,6.3,5.47,4.36,3.17,4.85,4.92,4.76,4.88,3.57,9.58,9.58,7.03,6.31,6.78,9.97,4.9,4.57,6.42,5.06,5.47,10.03,10.03,12.67,17.36,19.22,17.09,20.89,20.22,14.87,14.73,13.61
"6645","6645","LITRAK",24.96,24.86,24.64,19.52,16.56,16.4,16.26,16.16,16.06,23.42,11.15,42.7,41.87,32.98,26.12,25.41,24.78,15.76,18.14,16.28,19.35,19.85,58.46,59.37,74.72,74.74,65.16,66.17,103.22,89.05,98.61,121.07,56.18,4.27,4.24,4.67,4.78,4.4,3.86,4.2,4.53,5.52,10.87,3.21,13.7,14.01,15.99,15.62,14.79,17.13,24.59,19.64,17.87,11.14,17.51,4.5,4.15,4.9,5.35,4.43,3.91,4.18,4.83,5.57,11.96,3.35,13,14.3,15.24,13.98,14.72,16.93,24.71,18.44,17.69,10.12,16.76,27.42,30.97,28.8,25.68,26.91,29.85,21.9,26.07,20.14,24.43,11.34
"5236","5236","MATRIX",11.39,10.41,13.21,9.43,0.11,NA,NA,NA,NA,NA,NA,27.51,24.97,34.73,24.28,20.33,NA,NA,NA,NA,NA,NA,41.41,41.67,38.04,38.85,0.56,NA,NA,NA,NA,NA,NA,5.19,5.09,7.55,6.55,0.09,0,NA,NA,NA,NA,NA,7.99,8.18,5.04,5.93,5.92,0,NA,NA,NA,NA,NA,5.28,5.41,7.82,7.04,0.11,0,NA,NA,NA,NA,NA,7.84,7.7,4.86,5.52,5.27,0,NA,NA,NA,NA,NA,17.56,18.44,32.48,32.6,35.36,NA,NA,NA,NA,NA,NA
"7088","7088","POHUAT",5.5,7.33,7.32,7.32,3.66,2.3,0.93,0.97,0.97,0.82,0.75,19.01,23.91,20.18,16.8,10.21,7.19,6.5,2.39,4.6,4.26,3.01,28.91,30.64,36.29,43.57,35.87,31.93,14.25,40.4,21.14,19.22,24.89,3.84,4.6,4.76,3.9,6.15,5,5.26,5,4.65,4.35,5.56,7.52,6.66,7.62,11.17,5.83,6.39,2.71,8.08,4.55,4.42,4.48,3.74,3.98,5.1,5.37,6.02,6.8,5,4.82,4.35,3.7,5,7.72,7.7,7.12,8.12,5.96,4.69,2.85,8.38,4.86,5.19,4.98,15.42,19.58,19.34,18.34,13.87,10.68,10.55,4.16,8.11,8.84,5.39
"7237","7237","PWROOT",12.6,10.67,9.91,9.12,0,6.34,4.05,7.22,3.61,2.68,5.18,8.57,13.18,13.16,13.05,0,10.41,4.8,3.7,3.07,2.96,12.08,147.03,80.99,75.34,69.93,NA,60.87,84.44,195.11,117.65,90.77,42.86,7.71,4.47,5.56,5.46,0,4.46,8.33,14.55,6.67,9.38,7.41,19.08,18.1,13.56,12.8,0,13.65,10.13,13.41,17.65,9.68,5.79,6.85,4.94,5.12,6.02,0,4.76,8.65,14.29,7.84,12,6.38,21.48,16.41,14.73,11.61,0,12.78,9.76,13.66,15,7.56,6.71,12.33,18.68,18.72,18.82,NA,16.91,8.6,6.83,5.31,5.08,20.9
"0099","0099","SCICOM",9,9,9,7.5,5.84,2.5,1.67,1.66,1.87,1.49,1.49,11.72,12.77,11.8,9.76,6.53,4.18,3.86,3.74,2.35,2.45,1.7,76.82,70.47,76.26,76.84,89.4,59.88,43.1,44.54,79.62,60.98,87.72,5.66,4.25,4.29,4.29,5.19,6.74,5.26,5.13,6.41,8.7,5.71,13.57,16.6,17.8,17.93,17.24,8.88,8.19,8.69,12.42,7.01,15.35,5.36,3.91,3.96,3.68,6.48,6.25,5.56,5.13,5.1,9.09,5.26,14.34,18.01,19.24,20.9,13.79,9.58,7.76,8.69,15.61,6.71,16.67,39.05,42.57,45.39,42.44,32.62,20.88,21.09,22.45,16.53,17.26,13.41
"5012","5012","TAANN",10,10,10,16.66,16.66,4.16,4.16,13.88,4.63,1.45,7.23,26.81,26.82,28.23,41.8,27.8,20.9,13.11,34.76,16.86,16.72,9.08,37.29,37.3,35.41,39.86,59.93,19.93,31.77,39.93,27.46,8.65,79.67,2.92,2.92,2.58,3.55,5.13,1.22,1.49,4.12,2.27,0.93,9.62,12.79,12.79,13.74,11.24,11.69,16.34,21.28,9.68,12.11,9.31,8.29,2.73,2.73,2.53,3.98,5.15,1.2,1.43,4.44,2.4,0.9,6,13.65,13.65,13.99,10,11.63,16.62,22.24,8.98,11.43,9.63,13.28,8.91,8.91,9.84,15.73,11.71,9.23,6.05,16.48,9.22,9.91,6.07
"1651","1651","MRCB",0.87,0.87,1.21,1.02,0.97,0.34,0.63,0.63,0,0.21,0,3.82,3.82,6.09,7.52,3.48,-2.49,1.37,2.13,1.53,0.79,-1.29,22.9,22.9,19.93,13.51,28,NA,46.08,29.63,NA,26.18,NA,1.62,1.62,1.92,2.07,1.79,0.64,1.57,0.89,0,0.73,0,14.13,14.13,10.36,6.54,15.68,-21.27,29.26,33.19,42.58,35.86,-13.78,1.56,1.56,2.07,1.95,2.05,0.78,1.29,0.93,0,0.73,0,14.65,14.65,9.64,6.92,13.66,-17.48,35.71,32,38.34,35.86,-11.22,6.95,6.95,10.11,14.62,7.92,-7.27,4.25,6.8,5.58,5.16,-8.91
"7022","7022","GTRONIC",10.9,15.91,22.69,23.92,21.62,13.56,16.07,8.39,6.61,6.43,45.91,21.59,17.91,9.01,26.35,22.92,18.42,14.48,9.35,10.41,5.57,7.62,50.5,88.83,251.92,90.77,94.34,73.61,111.04,89.73,63.55,115.32,602.41,2.78,2.57,5.23,4.16,4.41,4.29,9.77,9.38,6.19,7.53,13.7,18.29,34.53,48.19,21.82,21.4,17.14,11.37,9.57,10.26,15.32,43.98,2.71,2.42,6.61,3.54,5.12,4.42,11.89,10.71,6.03,8.97,13.33,18.8,36.64,38.12,25.65,18.44,16.67,9.34,8.37,10.53,12.85,45.18,22.04,18.19,9.71,23.91,23.09,19.21,15.95,10.9,12.1,7.06,1.98
"5216","5216","DSONIC",4.5,4,3,2,4.75,0.28,0,NA,NA,NA,NA,5.02,4.64,4.67,4.41,6.07,2.08,0,NA,NA,NA,NA,89.62,86.18,64.24,45.39,78.32,13.57,NA,NA,NA,NA,NA,4.33,3.08,2.27,1.98,2.67,2.51,0,NA,NA,NA,NA,20.71,28.01,28.26,22.92,29.35,5.4,0,NA,NA,NA,NA,3.88,3.17,2.31,1.75,4.34,2.48,0,NA,NA,NA,NA,23.1,27.15,27.84,25.87,18.05,5.48,0,NA,NA,NA,NA,25.74,24.02,25.69,26.69,46.02,29.96,NA,NA,NA,NA,NA
"5200","5200","UOADEV",14.99,14.99,14.11,12.74,10.35,9.73,8.48,0,0,NA,NA,28.32,28.32,39.02,24.05,18.23,20.92,17.37,22.19,0,NA,NA,52.93,52.93,36.16,52.97,56.79,46.53,48.8,NA,NA,NA,NA,5.91,5.91,6,7.14,6.13,6.5,6.67,0,0,NA,NA,8.96,8.96,6.03,7.42,9.26,7.16,7.32,1.09,0,NA,NA,6.28,6.28,6.38,7.28,6.16,6.7,6.9,0,0,NA,NA,8.43,8.43,5.67,7.27,9.22,6.94,7.08,0.99,0,NA,NA,11.47,11.47,17.73,13.68,11.92,15.35,14.9,NA,NA,NA,NA
"9598","9598","PTARAS",19.68,19.78,19.68,17.5,14.47,12.08,9.66,9.18,7.24,4.84,5.78,10.43,21.85,10.72,31.3,32.7,31.54,27.07,19.57,12.5,6.92,14.36,188.63,90.5,183.49,55.9,44.25,38.28,35.7,46.91,57.92,69.93,40.27,5.27,4.93,5.56,5.79,3.38,4.77,7.09,8.64,8.98,6.76,8.76,35.76,18.37,33.03,9.66,13.1,8.02,5.03,5.43,6.45,10.35,4.6,5.32,4.88,5.78,4.77,3.41,5.19,7.43,8.09,8.98,7.46,8.96,35.47,18.55,31.74,11.71,12.98,7.38,4.8,5.8,6.45,9.37,4.5,5.24,10.68,5.37,15.12,17.66,19.26,18.86,14.73,10.88,6.53,13.93
"8583","8583","MAHSING",6.49,6.49,7.18,6.58,3.87,4.3,2.61,3.77,2.6,1.7,2.06,14.91,14.91,14.88,15.93,14.68,11.56,9.5,6.94,4.86,3.88,3.84,43.51,43.51,48.26,41.32,26.38,37.17,27.53,54.27,53.52,43.65,53.55,5.42,5.42,4.45,4.96,3.25,3.86,3.71,5.12,3.03,3.61,5.03,8.03,8.03,10.84,8.33,8.12,9.62,7.42,10.61,17.68,12.09,10.64,4.48,4.48,4.55,4.48,2.88,3.54,3.67,5.24,4.13,3.53,5,9.71,9.71,10.62,9.22,9.17,10.5,7.5,10.36,12.96,12.36,10.71,10.52,10.52,9.9,12.1,15.9,15.59,18.66,15.71,12.91,12.2,13.58
"7076","7076","CBIP",5.84,5.83,5.84,9.76,7.9,4.93,27.39,0,2.44,1.31,1.26,9.38,9.38,18.89,18.2,16.94,18.28,44.52,19.43,12.32,7.5,11.69,62.27,62.16,30.94,53.63,46.61,26.96,61.53,NA,19.8,17.51,10.8,3.57,3.57,2.79,4.65,3.86,2.58,21.65,0,5.08,3.88,5.56,17.4,17.4,11.09,11.53,12.06,10.43,2.84,3.29,3.9,4.52,1.94,3.33,3.33,3.05,4.88,3.98,3.12,20.15,0,5.43,3.6,6.17,18.65,18.65,10.16,10.99,11.71,8.65,3.05,2.84,3.64,4.87,1.75,6.99,6.99,14.05,14.68,15.19,18.55,49.38,27.49,23.06,15.52,29.11
"9679","9679","WCT",3,3,0,3.37,4.79,5.12,4.67,5.39,5.57,5.54,5.2,10.92,10.92,4.83,15.48,8.68,13.96,25.35,11.73,10.62,10.39,7.19,27.46,27.46,NA,21.75,55.11,36.68,18.42,45.95,52.43,53.3,72.37,1.9,1.9,0,2.6,3.7,3.1,3.18,3.53,3.46,3.77,8.88,14.46,14.46,34.73,8.38,14.91,11.85,5.79,13.01,15.15,14.13,8.15,1.85,1.85,0,2.6,3.91,3.29,2.98,3.99,3.13,3.85,6.25,14.83,14.83,31.45,8.38,14.11,11.14,6.18,11.51,16.72,13.86,11.58,4.92,4.92,2.51,8.74,5.44,9.11,20,11.3,11.92,11.44,8.52
"7214","7214","ARANK",3.25,3.25,3,2.25,2.25,2.25,0.02,0.02,0.01,0,2.33,11.56,13.5,13.2,8.6,7.92,6.16,6.01,5.9,5.19,-6.87,7.44,28.12,24.08,22.73,26.16,28.41,36.54,0.33,0.34,0.26,NA,31.36,4.55,2.88,3.21,4.89,3.17,5.17,0.07,0.07,0.04,0,7,6.19,8.37,7.08,5.35,8.96,7.06,4.88,4.52,5.91,-3.88,4.48,3.61,2.95,3.64,4.59,3.46,5.36,0.07,0.07,0.04,0,6.86,7.79,8.15,6.25,5.7,8.21,6.82,5,4.63,6.56,-3.4,4.57,11.91,14.21,15.53,11.62,11.82,9.93,10.98,11.64,11.11,-16.09,14.31
"5258","5258","BIMB",13.54,13.54,12.19,11.1,20.46,5.42,4.41,2.2,0,0,0.76,36.6,36.6,33.01,32.31,31.43,16.49,14.9,12.07,0,0,13.95,36.99,36.99,36.94,34.34,65.1,32.89,29.6,18.27,NA,NA,5.47,3.33,3.33,2.89,3.47,5.81,2.19,2.24,1.63,0,0,1.36,11.1,11.1,12.79,9.91,11.2,15.01,13.19,11.22,0,0,4.04,3.18,3.18,3.08,3.19,5.7,1.87,2.49,1.72,0,0,1.28,11.63,11.63,11.99,10.78,11.42,17.57,11.88,10.59,0,0,4.27,13.66,13.66,14.42,16.08,18.09,13.75,12.51,11.2,NA,NA,23.45
"5032","5032","BIPORT",15,15,18,16,18,21.29,19.56,19.57,19.57,19.57,19.31,33.32,33.32,32.57,27.73,31.15,34.28,31.82,37.12,30.31,27.99,32.74,45.02,45.02,55.26,57.69,57.8,62.11,61.47,52.72,64.55,69.9,58.96,2.54,2.54,2.99,2.25,2.57,3,3.21,3.21,3.43,3.49,4.07,17.71,17.71,18.51,25.6,22.48,20.7,19.13,16.4,18.82,20.04,14.48,2.52,2.52,2.87,2.23,2.57,3,3.21,3.31,3.32,3.46,3.89,17.86,17.86,19.28,25.89,22.48,20.7,19.13,15.93,19.45,20.19,15.14,12.63,12.63,12.95,11.42,12.97,15.45,22.3,25.86,21.8,15.24,17.09
"1899","1899","BKAWAN",55.64,55.62,51.19,46.75,56.58,52.37,62.14,91.1,63.05,39.11,63.3,130.06,134.57,189.28,111.21,119.63,110.95,138.93,178.8,130.16,77.38,115.96,42.78,41.33,27.04,42.03,47.29,47.2,44.73,50.95,48.44,50.54,54.58,3.08,3.03,3.01,2.85,3.25,2.75,3.66,5.86,4.17,3.95,9.14,13.83,13.64,9,14.76,14.57,17.16,12.21,8.69,11.63,12.79,5.97,3.06,3.14,3.03,2.98,3.14,2.97,3.61,6.35,5.29,4.32,8.53,13.91,13.17,8.94,14.11,15.05,15.88,12.39,8.02,9.15,11.7,6.4,8.54,8.73,13.55,8.62,11.2,10.58,16.22,21.19,17.96,11.4,17.61
"5254","5254","BPLANT",13.93,13.93,10.35,9.29,4.29,32.92,NA,NA,NA,NA,NA,29.7,29.7,10.17,3.51,2.55,14.87,NA,NA,NA,NA,NA,46.9,46.9,101.83,264.6,167.96,221.31,NA,NA,NA,NA,NA,11.54,11.54,8.38,8.44,4.14,0,NA,NA,NA,NA,NA,4.06,4.06,12.15,31.34,40.59,0,NA,NA,NA,NA,NA,11.82,11.82,8.73,8.72,4.14,0,NA,NA,NA,NA,NA,3.97,3.97,11.66,30.33,40.59,0,NA,NA,NA,NA,NA,26.15,26.15,10.39,3.61,2.49,2.93,NA,NA,NA,NA,NA
"2852","2852","CMSB",8,8,6.3,4.5,8.18,5.27,5.19,4.6,3.07,1.53,1.53,20.03,20.03,15.75,22.69,20.6,16.3,12.63,11.17,6.12,3.82,8.91,39.93,39.93,40,20.01,39.68,32.35,41.07,41.18,50.09,40.18,17.2,1.83,1.83,1.54,0.9,1.98,2.26,5.65,5.98,3.82,2.65,4.35,21.81,21.81,26.03,22.24,20.03,14.29,7.27,6.89,13.12,15.19,3.96,2.05,2.05,1.58,0.88,2.15,2.47,5.11,7.18,3.76,3.38,4.39,19.47,19.47,25.4,22.81,18.49,13.07,8.04,5.74,13.32,11.89,3.92,9.15,9.15,7.65,11.96,12.31,10.77,9.08,8.47,5.02,3.21,7.67
"7233","7233","DUFU",5.23,5.23,2.05,2,0,0,0,0,0.68,0.68,0.85,14.84,14.84,15.32,6.24,3.57,-3.16,-1.25,-2.74,3.89,6.34,5.58,35.23,35.23,13.39,32.1,NA,NA,NA,NA,17.57,10.78,15.17,4.82,4.82,2.41,3.67,0,0,0,0,2.63,2.17,4.29,7.3,7.3,5.55,8.75,9.4,-5.03,-13.93,-8.5,6.68,4.96,3.54,4.7,4.7,3.07,4.08,0,0,0,0,2.44,2.33,4.55,7.49,7.49,4.37,7.87,7.43,-5.29,-14.21,-8.5,7.21,4.64,3.34,19.76,19.76,21.49,9.47,6.25,-7.24,-2.63,-5.53,7.63,12.84,15.49
"5253","5253","ECONBHD",1.8,1.8,1.4,1,0,0,NA,NA,NA,NA,NA,6.5,6.04,5.05,3.49,2.32,0,NA,NA,NA,NA,NA,27.72,29.8,27.73,28.7,NA,NA,NA,NA,NA,NA,NA,1.46,1.5,2.41,3.21,0,0,NA,NA,NA,NA,NA,18.93,19.87,11.49,8.96,15.93,0,NA,NA,NA,NA,NA,1.49,1.8,2.65,2.4,0,0,NA,NA,NA,NA,NA,18.63,16.56,10.46,11.94,10.11,0,NA,NA,NA,NA,NA,25.98,26.49,27.44,23.54,22.48,NA,NA,NA,NA,NA,NA
"8877","8877","EKOVEST",2,2,1.2,0.8,0.59,0.14,0.42,0.39,0.33,0.33,0.33,5.82,5.18,7.27,0.87,2.2,2.58,3.4,1.14,0.47,0.32,0.78,34.42,38.68,16.51,92.49,26.8,5.55,12.31,34.45,70.25,103.72,42.25,1.98,1.74,1.74,2.19,1.59,0.39,2.01,2.02,3.21,3.05,4.17,17.36,22.24,9.47,42.32,16.89,14.31,6.13,17.09,21.92,34.02,10.14,2.16,1.67,2,1.96,1.77,0.35,2,1.67,3.55,3.21,4.39,15.9,23.21,8.26,47.17,15.14,15.7,6.15,20.67,19.81,32.36,9.63,6.19,5.74,29.3,1.56,5.81,14.13,17.69,7.53,3.25,2.22,5.48
"5209","5209","GASMSIA",8,8.01,8.01,3.5,9,13.37,12.7,16.07,NA,NA,NA,15.17,15.17,12.87,8.27,13.07,13.36,12.69,17.86,NA,NA,NA,52.78,52.77,62.21,42.32,68.91,100.07,100.08,89.97,NA,NA,NA,2.96,2.96,2.9,1.42,2.87,3.69,4.84,0,NA,NA,NA,17.8,17.81,21.46,29.87,24.04,27.12,20.66,0,NA,NA,NA,2.77,2.77,3.24,1.46,2.8,3.45,4.94,0,NA,NA,NA,19.05,19.06,19.21,29.02,24.66,28.99,20.27,0,NA,NA,NA,18.55,18.53,16.19,10.94,16.55,17.07,16.14,22.7,NA,NA,NA
"2291","2291","GENP",25.69,25.69,20.64,5.3,9.52,45.09,11.8,15.35,11.79,8.48,9.41,42.96,42.03,42.09,23.61,46.95,28.35,40.7,55.01,40.35,29.33,46.45,59.8,61.12,49.03,22.46,20.27,159.06,29,27.9,29.23,28.92,20.26,2.65,2.65,1.9,0.5,0.98,4.55,1.48,1.76,1.57,1.46,2.44,22.54,23.04,25.87,44.92,20.72,34.98,19.65,15.88,18.64,19.86,8.31,2.48,2.48,1.94,0.52,1,4.33,1.39,1.89,1.42,1.44,2.82,24.15,24.68,25.21,43.28,20.27,36.78,20.88,14.76,20.58,20.05,7.17,8.05,7.88,7.95,4.54,9.75,6.64,9.56,13.67,11.31,9.26,15.92
"5107","5107","IQGROUP",0.11,0.11,0.1,0.08,0,0,0,0,0,0,0,8.54,32,23.69,23.85,12.74,0.71,7.14,-15.27,-12.97,-2.39,1.34,1.29,0.34,0.42,0.33,NA,NA,NA,NA,NA,NA,NA,0.06,0.03,0.05,0.03,0,0,0,0,0,0,0,20.84,11.97,8.01,11.27,9.7,42.47,4.06,-2.4,-2.83,-20.65,49.64,0.06,0.03,0.05,0.03,0,0,0,0,0,0,0,23.3,10.94,8.22,11.02,10.01,56.16,4.19,-2.53,-3.8,-28.34,48.92,4.91,17.48,15.31,17.88,11.67,0.74,7.55,-16.3,-11.78,-1.86,1.1
"7161","7161","KERJAYA",4.03,3.82,2.03,0.37,0.37,0.49,0,0,0,0,0,16.96,16.96,13.57,2.2,2.05,1.57,3.22,0.76,-0.33,-1.22,-1.48,23.76,22.52,14.94,16.91,18.07,31.58,NA,NA,NA,NA,NA,3.33,3.16,1.6,1.76,2.17,4.55,0,0,0,0,0,7.12,7.12,9.34,9.58,8.31,6.95,3.19,15,-8.38,-2.04,-2.53,1.43,1.35,1.84,1.84,3.03,5.41,0,0,0,0,0,16.62,16.62,8.1,9.19,5.96,5.84,3.15,8.64,-8.86,-2.44,-2.64,15.76,15.76,17.85,14.91,16.12,14.07,32.53,11.36,-8.88,-30.38,-28.53
"9334","9334","KESM",6,12.5,7.5,6,3,3,3,3,3,3,3,108.24,102.3,71.3,39.6,25.3,10.6,9.67,28.79,27.31,22.68,71.28,5.54,12.22,10.51,15.15,11.86,28.24,31.01,10.42,10.99,13.22,4.21,0.31,0.83,0.94,1.47,1.05,1.7,1.66,1.58,1.43,1.38,1.15,18.02,14.72,11.22,10.28,11.26,16.57,18.71,6.6,7.69,9.6,3.67,0.3,0.8,1.13,1.43,0.99,1.66,1.58,1.42,1.34,1.3,1.07,18.44,15.35,9.34,10.61,11.94,17.04,19.64,7.36,8.21,10.13,3.94,13.41,13.37,10.7,6.54,4.43,1.94,1.81,5.52,5.57,4.84,16.47
"5192","5192","KSSC",0,0,1.5,0.8,0,3.95,1,2,2.35,NA,NA,5.62,5.68,3.89,1.97,4.59,13.72,2.15,2.87,6.93,NA,NA,NA,NA,38.51,40.79,NA,28.81,46.51,69.6,33.94,NA,NA,0,0,3.57,2.11,0,10.13,3.13,5,5.45,0,NA,7.39,7.31,10.78,19.37,12.66,2.84,14.88,13.92,6.22,0,NA,0,0,3.9,2.05,0,10.13,3.03,4.44,0,0,NA,7.21,7.13,9.88,19.88,11.02,2.84,15.35,15.66,0,0,NA,6.69,6.76,4.93,2.58,6.03,18.04,3.41,4.56,13.39,NA,NA
"3867","3867","MPI",26.24,24.43,20.81,18.1,13.52,9.54,9.23,18.49,23.22,18.58,34.36,76.55,84.77,75.05,51.68,21.51,5.22,-9.42,28,50.22,-19.01,53.45,34.28,28.82,27.73,35.01,62.84,182.95,NA,66.03,46.23,NA,64.29,2.58,1.91,2.88,3.12,2.4,4.26,3.79,5.31,4.18,3.48,5.32,13.29,15.05,9.63,11.24,26.14,42.92,-25.88,12.45,11.06,-28.09,12.08,2.3,2,3.07,3,2.95,4.05,3.34,4.44,4.05,4,5.29,14.92,14.39,9.04,11.66,21.28,45.21,-29.31,14.86,11.43,-24.43,12.16,13.73,15.88,16.07,12.64,6.17,1.5,-2.73,7.85,14.23,-5.7,14.64
"4707","4707","NESTLE",275,275,270,260,235,0.17,210,180,165,150,191.19,275.73,275.39,271.7,251.91,234.71,239.53,0,182.14,166.91,150.02,145.37,99.74,99.86,99.38,103.21,100.13,0.07,NA,98.83,98.86,99.99,131.52,1.86,2.26,3.57,3.49,3.18,3.56,3.58,3.23,3.64,4.42,6.95,53.5,44.12,27.86,29.6,31.44,0.02,NA,30.64,27.14,22.6,18.92,1.78,2.66,3.45,3.54,3.43,3.46,3.34,3.2,3.81,4.53,7.08,56.03,37.47,28.78,29.14,29.19,0.02,NA,30.86,25.97,22.06,18.57,74.93,100.88,98.44,83.41,70.91,NA,0,65.52,63.71,61.99,66.08
"5066","5066","NTPM",1.6,2.4,1.61,0.73,2.9,2.88,1.45,2.92,2.89,2.63,2.24,3.34,4.44,5.13,3.8,4.8,4.37,3.99,4.64,5.28,4.12,2.95,47.94,54.05,31.37,19.21,60.42,65.91,36.25,63.04,54.72,63.9,75.83,3.05,3.02,1.82,1.04,3.31,5.32,2.96,5.37,4.83,6.09,14.46,15.73,17.9,17.25,18.42,18.23,12.39,12.25,11.74,11.32,10.49,5.24,2.76,2.82,1.67,1.01,3.35,6.11,2.96,5.27,5,7.08,15,17.38,19.14,18.82,18.95,18.02,10.8,12.25,11.96,10.94,9.02,5.06,8.14,11.1,13.78,11.88,16,15.71,16,20.91,26.5,22.78,33.38
"0035","0035","OPCOM",0.02,1.98,1.49,1.24,4.76,9.91,19.42,3.57,3.37,1.99,1.78,1.24,4.41,4.56,2.73,1.71,7.96,12.23,12.44,5.89,3.76,2.8,1.6,44.93,32.56,45.41,277.37,124.5,158.77,28.66,57.12,52.96,63.69,0.05,3.31,2.22,1.4,8.7,15.24,32.24,5.36,6.16,4.05,5.63,30.67,13.59,14.65,32.33,31.9,8.17,4.93,5.35,9.27,13.08,11.32,0.05,3.25,2.27,1.18,8.51,16.78,31.41,5.56,5.67,6.61,6.43,29.46,13.82,14.33,38.51,32.59,7.42,5.05,5.16,10.08,8.02,9.91,2.39,8.1,9.07,5.75,3.84,16.71,24.67,23.23,13.19,8.91,6.93
"5065","5065","ORNA",4.93,2.46,2.96,2.46,0,0,0,0,0,0,0,20.8,20.8,10.33,9.36,12.81,10.67,9.41,7.71,6.1,6.12,3.43,23.69,11.85,28.63,26.32,NA,NA,NA,NA,NA,NA,NA,3.29,1.64,2.8,2.38,0,0,0,0,0,0,0,7.2,7.2,10.21,11.05,10.38,10.34,5.66,6.09,6.4,6.04,5.54,3.73,1.87,3.19,2.45,0,0,0,0,0,0,0,6.35,6.35,8.97,10.74,7.69,7.39,6.6,6.22,6.73,5.88,7.29,10.15,10.15,5.51,5.22,7.43,6.64,6.28,5.39,4.52,4.64,2.7
"5436","5436","PERSTIM",20,40,38,34.35,40,40,40,40,40.5,20,20,25.87,55.53,51.29,42.91,40.95,26.87,35.43,66.38,78.14,32.48,45.7,77.32,72.03,74.09,80.05,97.68,148.86,112.9,60.26,51.83,61.58,43.76,4.74,5.37,6.44,8.24,8.6,11.14,11.59,7.74,9.95,9.43,6.71,16.31,13.42,11.5,9.72,11.36,13.36,9.74,7.79,5.21,6.53,6.52,4.96,5.3,6.71,8.16,8.89,12.94,11.08,8.42,10.18,10.99,6.78,15.58,13.6,11.04,9.81,10.99,11.5,10.19,7.16,5.09,5.6,6.46,6.86,13.88,13.86,12.35,12.33,8.37,11.07,21.01,26.31,12.79,19.12
"7190","7190","PPG",0,0,0,0,0,0,2.04,2.04,2.04,1.71,1.82,1.49,3.09,2.49,2.57,4.85,6.61,4.86,3.93,4.09,5.78,7.36,NA,NA,NA,NA,NA,NA,42.05,52.01,49.91,29.54,24.72,0,0,0,0,0,0,5,5.56,4.88,4.79,4.4,33.56,18.36,23.42,22.28,11.69,8.9,8.41,9.36,10.23,6.17,5.62,0,0,0,0,0,0,4.88,5.41,4.55,4.58,3.73,32.56,19.19,23,18.9,13.48,7.81,8.62,9.62,10.98,6.45,6.63,1.42,3.03,2.51,2.59,4.95,6.97,5.43,4.57,4.91,7.15,9.57
"5263","5263","SUNCON",12.5,7,6.51,0,NA,NA,NA,NA,NA,NA,NA,10.66,10.66,9.56,9.84,NA,NA,NA,NA,NA,NA,NA,117.21,65.64,68.06,NA,NA,NA,NA,NA,NA,NA,NA,5.08,2.85,3.61,0,0,NA,NA,NA,NA,NA,NA,23.07,23.07,18.85,14.23,0,NA,NA,NA,NA,NA,NA,4.98,2.79,3.82,0,0,NA,NA,NA,NA,NA,NA,23.54,23.54,17.8,14.23,0,NA,NA,NA,NA,NA,NA,24.8,24.8,25.13,28.12,NA,NA,NA,NA,NA,NA,NA
"7235","7235","SUPERLN",3.47,5.46,4.47,3.97,0.62,0,0,1.47,0.87,0,0,10.8,14.82,10.41,5.86,3.66,2.56,-0.35,0.83,3.28,-0.68,4.86,32.16,36.83,42.9,67.74,17.03,NA,NA,176.51,26.57,NA,NA,2.19,5.73,4,5.71,1.84,0,0,7.02,4.17,0,0,14.7,6.43,10.72,11.85,9.26,6.65,-54.93,25.13,6.38,-29.28,8.03,2.07,3.24,4.57,6.56,1.95,0,0,7.02,4.07,0,0,15.53,11.38,9.39,10.33,8.72,6.74,-59.15,25.13,6.53,-28.55,8.03,15.11,21.96,18.62,11.73,9.88,7.43,-1.06,2.43,9.59,-2.14,14.24
"6139","6139","TAKAFUL",0.15,0.15,0.12,0,7.9,8.3,4.94,1.38,0,0,0.67,26.68,25.08,21.39,18.92,17.05,16.86,12.28,9.57,0,0,3.6,0.56,0.6,0.56,NA,46.37,49.2,40.21,14.44,NA,NA,18.69,0.05,0.04,0.03,0,3.54,4.11,4.62,3.57,0,0,2.11,12.2,14.3,18.82,19.65,13.1,11.97,8.7,4.04,0,0,8.86,0.05,0.04,0.03,0,3.55,4.08,4.6,3.8,0,0,1.9,12.43,14.97,19.24,20.39,13.08,12.07,8.75,3.8,0,0,9.82,24.97,25.36,24.18,22.77,24.1,24.32,20.25,17.44,NA,NA,9.96
"5054","5054","TRC",0,0,0,0,0,0,0,0,0,0,0,6,6,5.8,6.39,0.73,2.15,2.12,2.7,3.37,5.68,9.5,NA,NA,NA,NA,NA,NA,NA,NA,NA,NA,NA,0,0,0,0,0,0,0,0,0,0,0,12.34,12.34,7.07,5.87,58.18,26.04,24.77,25.44,6.56,3.89,1.6,0,0,0,0,0,0,0,0,0,0,0,10.51,10.51,6.55,5.79,52.02,24.42,26.64,22.58,6.68,4.03,1.31,7.14,7.14,7.25,8.64,1.07,3.14,3.24,4.23,5.43,9.53,22.17
"5246","5246","WPRTS",14.32,14.32,14,11.1,11.25,40.47,5.82,NA,NA,NA,NA,18.6,19.11,18.09,14.81,15.02,13.86,10.54,NA,NA,NA,NA,76.97,74.95,77.39,74.97,74.9,317.03,55.28,NA,NA,NA,NA,4.3,4.05,3.39,2.81,3.21,16.12,0,NA,NA,NA,NA,17.9,18.53,22.83,26.68,23.3,19.66,0,NA,NA,NA,NA,3.99,3.87,3.26,2.69,3.35,16,0,NA,NA,NA,NA,19.3,19.37,23.77,27.83,22.37,19.82,0,NA,NA,NA,NA,29.82,28.64,29.82,26.6,29.03,27.14,24.25,NA,NA,NA,NA
"7293","7293","YINSON",9.89,11.82,16.56,1.3,0,0,0,0,0,0,0.15,26.73,26.73,18.03,22.66,12.79,3.1,2.43,1.7,0.73,1.17,1.19,37.01,44.21,91.86,5.76,NA,NA,NA,NA,NA,NA,13,2.66,3.19,5.17,0.53,0,0,0,0,0,0,3.97,13.85,13.85,17.76,10.82,13.58,14.71,4.71,3.73,8.19,2.83,3.28,2.37,2.84,5.34,0.53,0,0,0,0,0,0,3.33,15.55,15.55,17.21,10.9,11.3,12.74,5.42,3.62,5.52,2.67,3.9,14.83,14.83,10.03,18.55,27.8,12.3,17.57,15.2,7.54,12.81,14.91
